,date,states,positive,negative,pending,hospitalizedcurrently,hospitalizedcumulative,inicucurrently,inicucumulative,onventilatorcurrently,onventilatorcumulative,recovered,datechecked,death,hospitalized,lastmodified,total,totaltestresults,posneg,deathincrease,hospitalizedincrease,negativeincrease,positiveincrease,totaltestresultsincrease,hash
0,2020-07-29,56,4394906,49430539,3840.0,57306.0,302057.0,10531.0,13744.0,2776.0,1400.0,1389425.0,2020-07-29T00:00:00Z,142848.0,302057.0,2020-07-29T00:00:00Z,53829285,53825445,53825445,1418,2913,773657,66211,839868,a2e1d4a308f87fa1c4938a8f20bc81a26295b8e7
1,2020-07-28,56,4328695,48656882,3600.0,57091.0,299144.0,10463.0,13559.0,2752.0,1372.0,1355363.0,2020-07-28T00:00:00Z,141430.0,299144.0,2020-07-28T00:00:00Z,52989177,52985577,52985577,1121,4672,679736,53507,733243,10729af9f291bbb18e37d56f0bc31ff802f09672
2,2020-07-27,56,4275188,47977146,3398.0,59023.0,294472.0,10328.0,13412.0,2720.0,1356.0,1325804.0,2020-07-27T00:00:00Z,140309.0,294472.0,2020-07-27T00:00:00Z,52255732,52252334,52252334,1059,1690,705706,55134,760840,021bea33ea5ddba5408c2a928ad900ae036a25dc
3,2020-07-26,56,4220054,47271440,3361.0,58614.0,292782.0,10353.0,13343.0,2723.0,1336.0,1297863.0,2020-07-26T00:00:00Z,139250.0,292782.0,2020-07-26T00:00:00Z,51494855,51491494,51491494,558,1435,794098,61713,855811,820426c4c5479c7a0f8974e68aa7016f2082a93e
4,2020-07-25,56,4158341,46477342,3377.0,59227.0,291347.0,10380.0,13279.0,2729.0,1300.0,1279414.0,2020-07-25T00:00:00Z,138692.0,291347.0,2020-07-25T00:00:00Z,50639060,50635683,50635683,1037,1992,732176,65413,797589,ea28b353271e8d21ff5f3b189169c0d974de8b29
5,2020-07-24,56,4092928,45745166,3409.0,59670.0,289355.0,10405.0,13182.0,2712.0,1297.0,1261624.0,2020-07-24T00:00:00Z,137655.0,289355.0,2020-07-24T00:00:00Z,49841503,49838094,49838094,1178,3026,854645,75193,929838,5a28d1fb68592ad25bd4746557e1f68250423dea
6,2020-07-23,56,4017735,44890521,3179.0,59885.0,286329.0,10418.0,12933.0,2472.0,1280.0,1233269.0,2020-07-23T00:00:00Z,136477.0,286329.0,2020-07-23T00:00:00Z,48911435,48908256,48908256,1039,2500,753372,71027,824399,1d8eb95c208f9afdd53bc9946b37be590b17a635
7,2020-07-22,56,3946708,44137149,3051.0,59675.0,283829.0,10457.0,12790.0,2440.0,1258.0,1210849.0,2020-07-22T00:00:00Z,135438.0,283829.0,2020-07-22T00:00:00Z,48086908,48083857,48083857,1117,2248,726352,69150,795502,c28c2ce1af7dcb4a6dfc783c222acb7387b19277
8,2020-07-21,56,3877558,43410797,3197.0,59362.0,281581.0,6711.0,12629.0,2414.0,1242.0,1182931.0,2020-07-21T00:00:00Z,134321.0,281581.0,2020-07-21T00:00:00Z,47291552,47288355,47288355,1038,2551,686606,63642,750248,b315275d3d2251da5af96422594a53d6d0508aad
9,2020-07-20,56,3813916,42724191,3003.0,58371.0,279030.0,6558.0,12475.0,2403.0,1223.0,1160087.0,2020-07-20T00:00:00Z,133283.0,279030.0,2020-07-20T00:00:00Z,46541110,46538107,46538107,362,1647,654044,56971,711015,6223e4e1a7003f68d8bd1f30742ea4d8e283b834
10,2020-07-19,56,3756945,42070147,3052.0,57885.0,277383.0,6384.0,12393.0,2362.0,1216.0,1131171.0,2020-07-19T00:00:00Z,132921.0,277383.0,2020-07-19T00:00:00Z,45830144,45827092,45827092,526,944,733624,64884,798508,1499d2e73cb541b93e54d866237647b154d79450
11,2020-07-18,56,3692061,41336523,3032.0,57645.0,276439.0,6396.0,12342.0,2343.0,1211.0,1122720.0,2020-07-18T00:00:00Z,132395.0,276439.0,2020-07-18T00:00:00Z,45031616,45028584,45028584,872,2003,696452,65180,761632,289cc193d3592f21659da868ca7c2c853e737474
12,2020-07-17,56,3626881,40640071,3002.0,57761.0,274436.0,6453.0,12243.0,2353.0,1200.0,1106844.0,2020-07-17T00:00:00Z,131523.0,274436.0,2020-07-17T00:00:00Z,44269954,44266952,44266952,951,2678,760159,77233,837392,79012ed297c137312e1eec66f88514e0eea0b96a
13,2020-07-16,56,3549648,39879912,2929.0,57442.0,271758.0,6359.0,12091.0,2317.0,1175.0,1090645.0,2020-07-16T00:00:00Z,130572.0,271758.0,2020-07-16T00:00:00Z,43432489,43429560,43429560,974,2215,756611,70953,827564,0e32aba19ddfcd0d0b35661f5b01e5820789af60
14,2020-07-15,56,3478695,39123301,2947.0,56144.0,269543.0,6317.0,12002.0,2317.0,1166.0,1075882.0,2020-07-15T00:00:00Z,129598.0,269543.0,2020-07-15T00:00:00Z,42604943,42601996,42601996,858,2416,696615,65382,761997,5af1b31d4fa8496e1130b69f4a55607578d379a5
15,2020-07-14,56,3413313,38426686,960.0,55565.0,267127.0,6235.0,11857.0,2263.0,1154.0,1049098.0,2020-07-14T00:00:00Z,128740.0,267127.0,2020-07-14T00:00:00Z,41840959,41839999,41839999,736,2262,707103,62879,769982,6d933647c35df987255ff6dec892d08d64fc078b
16,2020-07-13,56,3350434,37719583,2610.0,53988.0,264865.0,6074.0,11749.0,2259.0,1142.0,1031939.0,2020-07-13T00:00:00Z,128004.0,264865.0,2020-07-13T00:00:00Z,41072627,41070017,41070017,327,1214,635111,58465,693576,8005d7fa1de9121885e9ae0e5fad89c8bff696a5
17,2020-07-12,56,3291969,37084472,2639.0,52727.0,263651.0,5930.0,11679.0,2182.0,1136.0,1006326.0,2020-07-12T00:00:00Z,127677.0,263651.0,2020-07-12T00:00:00Z,40379080,40376441,40376441,476,939,697346,60978,758324,76fc1c6c482f104eb8f4ad40cd04185bb1ee7061
18,2020-07-11,56,3230991,36387126,2618.0,51859.0,262712.0,5939.0,11612.0,2169.0,1128.0,995576.0,2020-07-11T00:00:00Z,127201.0,262712.0,2020-07-11T00:00:00Z,39620735,39618117,39618117,757,5141,635437,63007,698444,c01d2eef35d92ed71ecd939b2cd4ea983752f315
19,2020-07-10,56,3167984,35751689,2493.0,51595.0,257571.0,5896.0,11523.0,2197.0,1118.0,983185.0,2020-07-10T00:00:00Z,126444.0,257571.0,2020-07-10T00:00:00Z,38922166,38919673,38919673,854,2318,744161,66645,810806,10a3d73c1872fec28d44e9c69bf30069980e0c7f
20,2020-07-09,56,3101339,35007528,2530.0,43934.0,255253.0,5845.0,11370.0,2127.0,1138.0,969111.0,2020-07-09T00:00:00Z,125590.0,255253.0,2020-07-09T00:00:00Z,38111397,38108867,38108867,867,1719,644214,58836,703050,915a3f3a6bae40b19f1668d28a4d11a6ebaad527
21,2020-07-08,56,3042503,34363314,2360.0,43078.0,253534.0,5874.0,11303.0,2172.0,1103.0,953420.0,2020-07-08T00:00:00Z,124723.0,253534.0,2020-07-08T00:00:00Z,37408177,37405817,37405817,897,2035,566955,62147,629102,e7813b143ca2959d3d5b56e1f3ec4646d21cce7a
22,2020-07-07,56,2980356,33796359,2136.0,41760.0,251499.0,5832.0,11177.0,2098.0,1084.0,936476.0,2020-07-07T00:00:00Z,123826.0,251499.0,2020-07-07T00:00:00Z,36778851,36776715,36776715,922,1960,583025,51766,634791,4b8167baea130a2be23bdc624d0f21d7b48fbc7b
23,2020-07-06,56,2928590,33213334,1907.0,39768.0,249539.0,5684.0,11058.0,2105.0,1070.0,924148.0,2020-07-06T00:00:00Z,122904.0,249539.0,2020-07-06T00:00:00Z,36143831,36141924,36141924,242,794,459601,41600,501201,85e1519238eb752ab769bab982b6b2f42c6ab482
24,2020-07-05,56,2886990,32753733,1885.0,38764.0,248745.0,5653.0,11010.0,2080.0,1064.0,902558.0,2020-07-05T00:00:00Z,122662.0,248745.0,2020-07-05T00:00:00Z,35642608,35640723,35640723,209,590,635661,45789,681450,a2f14c1171de42e6bd78a37b53fbd2b53edc3719
25,2020-07-04,56,2841201,32118072,2083.0,38146.0,248155.0,5633.0,10977.0,1982.0,1063.0,894325.0,2020-07-04T00:00:00Z,122453.0,248155.0,2020-07-04T00:00:00Z,34961356,34959273,34959273,306,871,587437,54734,642171,1aac9fd9d659fca300e2b9c41e86da4cb9f4d1a5
26,2020-07-03,56,2786467,31530635,2237.0,37798.0,247284.0,5597.0,10936.0,2049.0,1059.0,883561.0,2020-07-03T00:00:00Z,122147.0,247284.0,2020-07-03T00:00:00Z,34319339,34317102,34317102,597,1435,656726,54223,710949,c9846ec840958623bd88c1b6ce8632bc39f9d21c
27,2020-07-02,56,2732244,30873909,2208.0,37500.0,245849.0,5626.0,10843.0,2105.0,1041.0,875127.0,2020-07-02T00:00:00Z,121550.0,245849.0,2020-07-02T00:00:00Z,33608361,33606153,33606153,697,2003,608490,53826,662316,71c02f066149f6038c9ead044b87c3956b87eb66
28,2020-07-01,56,2678418,30265419,2604.0,36405.0,243846.0,5512.0,10752.0,2098.0,1027.0,823151.0,2020-07-01T00:00:00Z,120853.0,243846.0,2020-07-01T00:00:00Z,32946441,32943837,32943837,701,1438,582612,50674,633286,7f75a162d3d980d40eca9662ed2cbd8e41eeef84
29,2020-06-30,56,2627744,29682807,2432.0,35248.0,242408.0,5424.0,10669.0,2044.0,1008.0,813788.0,2020-06-30T00:00:00Z,120152.0,242408.0,2020-06-30T00:00:00Z,32312983,32310551,32310551,596,1582,576601,47462,624063,ddf26c0774c337c3dd5d184c040a12bdefcc24ab
30,2020-06-29,56,2580282,29106206,2194.0,33586.0,240826.0,5380.0,10542.0,2011.0,990.0,798360.0,2020-06-29T00:00:00Z,119556.0,240826.0,2020-06-29T00:00:00Z,31688682,31686488,31686488,330,670,607649,39175,646824,b17f5b69f414f98bb82460397845bf06a58b0818
31,2020-06-28,56,2541107,28498557,2198.0,32476.0,240156.0,5248.0,10473.0,2077.0,983.0,778321.0,2020-06-28T00:00:00Z,119226.0,240156.0,2020-06-28T00:00:00Z,31041862,31039664,31039664,271,580,542041,41857,583898,458bf1b3bada62d97ea6ac49897ac424e8241ee2
32,2020-06-27,56,2499250,27956516,2186.0,32483.0,239576.0,5315.0,10415.0,2159.0,977.0,772465.0,2020-06-27T00:00:00Z,118955.0,239576.0,2020-06-27T00:00:00Z,30457952,30455766,30455766,509,1057,555603,43783,599386,bcadad3a97a0b094b6ec64cb1d6978022a714074
33,2020-06-26,56,2455467,27400913,2201.0,31738.0,238519.0,5283.0,10334.0,2075.0,966.0,763966.0,2020-06-26T00:00:00Z,118446.0,238519.0,2020-06-26T00:00:00Z,29858581,29856380,29856380,636,1526,562326,44421,606747,cdd98dcde1b078cb59c799c5950e059c3cbe44d5
34,2020-06-25,56,2411046,26838587,2133.0,31844.0,236993.0,5319.0,10257.0,2214.0,951.0,756719.0,2020-06-25T00:00:00Z,117810.0,236993.0,2020-06-25T00:00:00Z,29251766,29249633,29249633,2501,1257,598076,39072,637148,455b2f4aa0220f021c6209c403625b22dc13beb8
35,2020-06-24,56,2371974,26240511,2049.0,31102.0,235736.0,5293.0,10173.0,2248.0,934.0,747565.0,2020-06-24T00:00:00Z,115309.0,235736.0,2020-06-24T00:00:00Z,28614534,28612485,28612485,724,1310,480518,38684,519202,2ea186acab4ecac27d61e009731a23914798cbd1
36,2020-06-23,56,2333290,25759993,1891.0,30235.0,234426.0,5402.0,10077.0,2293.0,918.0,738952.0,2020-06-23T00:00:00Z,114585.0,234426.0,2020-06-23T00:00:00Z,28095174,28093283,28093283,708,1257,458698,33021,491719,d9043ac92e295c6b03f1d4ff4238ba9f1f6f6c04
37,2020-06-22,56,2300269,25301295,2028.0,28799.0,233169.0,5323.0,10002.0,2299.0,909.0,731602.0,2020-06-22T00:00:00Z,113877.0,233169.0,2020-06-22T00:00:00Z,27603592,27601564,27601564,283,800,439588,27017,466605,386c8be74515a809f78bb86764f7c2473cc8ef54
38,2020-06-21,56,2273252,24861707,2084.0,28219.0,232369.0,5195.0,9944.0,2321.0,904.0,713537.0,2020-06-21T00:00:00Z,113594.0,232369.0,2020-06-21T00:00:00Z,27137043,27134959,27134959,292,514,483814,27284,511098,5f2e9b2eb653cf52d30fdbae573d28ea6576f1b3
39,2020-06-20,56,2245968,24377893,2108.0,27967.0,231855.0,5229.0,9908.0,2380.0,888.0,708864.0,2020-06-20T00:00:00Z,113302.0,231855.0,2020-06-20T00:00:00Z,26625969,26623861,26623861,628,745,527221,31994,559215,46e2f0919ab7fc054823e472eba4229a490ebfb1
40,2020-06-19,56,2213974,23850672,2032.0,28615.0,231110.0,5341.0,9876.0,2434.0,884.0,698119.0,2020-06-19T00:00:00Z,112674.0,231110.0,2020-06-19T00:00:00Z,26066678,26064646,26064646,655,1613,542946,31046,573992,cd0d07cf1d18eb13d63c1e274768abb00e3b7136
41,2020-06-18,56,2182928,23307726,1903.0,28414.0,229497.0,5465.0,9736.0,2520.0,869.0,690692.0,2020-06-18T00:00:00Z,112019.0,229497.0,2020-06-18T00:00:00Z,25492557,25490654,25490654,704,1040,488666,27527,516193,5dfe11154b6aa80396729a48f931c1dd32494579
42,2020-06-17,56,2155401,22819060,1745.0,28573.0,228457.0,5613.0,9665.0,2588.0,857.0,680916.0,2020-06-17T00:00:00Z,111315.0,228457.0,2020-06-17T00:00:00Z,24976206,24974461,24974461,767,1130,461417,23873,485290,9ef44126955c36d39c8856729cdc06e558b30667
43,2020-06-16,56,2131528,22357643,1604.0,28270.0,227327.0,5570.0,9590.0,2594.0,845.0,672228.0,2020-06-16T00:00:00Z,110548.0,227327.0,2020-06-16T00:00:00Z,24490775,24489171,24489171,729,1301,441094,23435,464529,efdd42ce29b9191ce86b7b1811fa6af7b5864c33
44,2020-06-15,56,2108093,21916549,1619.0,27867.0,226026.0,5703.0,9516.0,2640.0,835.0,665059.0,2020-06-15T00:00:00Z,109819.0,226026.0,2020-06-15T00:00:00Z,24026261,24024642,24024642,380,543,414301,18510,432811,4161e588c0044bc556d94b0e64d1b780076d9908
45,2020-06-14,56,2089583,21502248,1672.0,27893.0,225483.0,5749.0,9466.0,2716.0,834.0,650541.0,2020-06-14T00:00:00Z,109439.0,225483.0,2020-06-14T00:00:00Z,23593503,23591831,23591831,355,640,463847,21373,485220,5ee8826e4e4098f37b9c55e443e5894d0caba7f8
46,2020-06-13,56,2068210,21038401,1698.0,28450.0,224843.0,5883.0,9430.0,2726.0,830.0,645331.0,2020-06-13T00:00:00Z,109084.0,224843.0,2020-06-13T00:00:00Z,23108309,23106611,23106611,691,1105,471087,25341,496428,fcead0ec38a2854ec2a22f86682f8012898b1965
47,2020-06-12,56,2042869,20567314,1783.0,29154.0,223738.0,6017.0,9373.0,2734.0,814.0,636111.0,2020-06-12T00:00:00Z,108393.0,223738.0,2020-06-12T00:00:00Z,22611966,22610183,22610183,772,1245,599648,23477,623125,e938cec167594b6678e2110be11a969e9488baa2
48,2020-06-11,56,2019392,19967666,1816.0,29698.0,222493.0,6074.0,9295.0,2886.0,792.0,629017.0,2020-06-11T00:00:00Z,107621.0,222493.0,2020-06-11T00:00:00Z,21988874,21987058,21987058,898,1367,437423,22032,459455,94b0bc2463b0fa46cdcaac7dd446ae52acf95a29
49,2020-06-10,56,1997360,19530243,1737.0,30864.0,221126.0,6249.0,9225.0,3020.0,780.0,618125.0,2020-06-10T00:00:00Z,106723.0,221126.0,2020-06-10T00:00:00Z,21529340,21527603,21527603,885,1484,408196,20803,428999,947946003ca267f0de2e1cda7aa89c0d8446a582
50,2020-06-09,56,1976557,19122047,1661.0,31183.0,219642.0,6457.0,9141.0,3090.0,771.0,609476.0,2020-06-09T00:00:00Z,105838.0,219642.0,2020-06-09T00:00:00Z,21100265,21098604,21098604,898,1527,402549,17175,419724,c6b6f77e99b0bbc1c77f0e53059bcb83b65a889c
51,2020-06-08,56,1959382,18719498,1606.0,31202.0,218115.0,6402.0,9013.0,3240.0,762.0,603143.0,2020-06-08T00:00:00Z,104940.0,218115.0,2020-06-08T00:00:00Z,20680486,20678880,20678880,660,714,378134,17012,395146,9b78929c6a9a5c625a66b2c66f8b19bc880bd345
52,2020-06-07,56,1942370,18341364,1733.0,31408.0,217401.0,6501.0,8957.0,3298.0,753.0,590988.0,2020-06-07T00:00:00Z,104280.0,217401.0,2020-06-07T00:00:00Z,20285467,20283734,20283734,446,685,427116,18823,445939,9770f9219744d58cb53b1b35d56f752e04c59605
53,2020-06-06,56,1923547,17914248,1796.0,31938.0,216716.0,6762.0,8920.0,3476.0,750.0,585470.0,2020-06-06T00:00:00Z,103834.0,216716.0,2020-06-06T00:00:00Z,19839591,19837795,19837795,727,1017,497145,23106,520251,35fff61034b49e854f1295cbafbb91939b99acbb
54,2020-06-05,56,1900441,17417103,1749.0,32451.0,215699.0,6920.0,8863.0,3523.0,740.0,576327.0,2020-06-05T00:00:00Z,103107.0,215699.0,2020-06-05T00:00:00Z,19319293,19317544,19317544,823,1440,482923,23352,506275,7af506cf32975751d80d72439379666c98f85dfa
55,2020-06-04,56,1877089,16934180,3474.0,32835.0,214259.0,7057.0,8787.0,3665.0,723.0,569623.0,2020-06-04T00:00:00Z,102284.0,214259.0,2020-06-04T00:00:00Z,18814743,18811269,18811269,888,-2841,440145,20839,460984,db7d231129d6c8d1d87917f1fe0b7841ffd4b649
56,2020-06-03,56,1856250,16494035,3556.0,33269.0,217100.0,7227.0,8688.0,3749.0,717.0,557366.0,2020-06-03T00:00:00Z,101396.0,217100.0,2020-06-03T00:00:00Z,18353841,18350285,18350285,991,2255,446402,20312,466714,863c7aedc8abbc7c8d46c0bd31e2fe3ef9a7069d
57,2020-06-02,56,1835938,16047633,4054.0,33933.0,214845.0,7407.0,8566.0,3852.0,710.0,541976.0,2020-06-02T00:00:00Z,100405.0,214845.0,2020-06-02T00:00:00Z,17887625,17883571,17883571,959,1585,398664,19982,418646,85a61f8355d36e0a9bba5a1ea0cbe5eb90c6512e
58,2020-06-01,56,1815956,15648969,3455.0,34285.0,213260.0,7591.0,8485.0,3950.0,704.0,536339.0,2020-06-01T00:00:00Z,99446.0,213260.0,2020-06-01T00:00:00Z,17468380,17464925,17464925,665,2796,391912,20415,412327,7fa31a39b34a9e31a1fea1ab73c5b9d830d52550
59,2020-05-31,56,1795541,15257057,3270.0,34859.0,210464.0,7626.0,8445.0,3669.0,704.0,522866.0,2020-05-31T00:00:00Z,98781.0,210464.0,2020-05-31T00:00:00Z,17055868,17052598,17052598,649,976,374532,21639,396171,606ef843708c649054734636c6ba9d5475edfc95
60,2020-05-30,56,1773902,14882525,1668.0,35732.0,209488.0,7956.0,8305.0,4004.0,698.0,494569.0,2020-05-30T00:00:00Z,98132.0,209488.0,2020-05-30T00:00:00Z,16658095,16656427,16656427,929,1424,401992,23762,425754,4fbc1cf94fd3f702aa55a2efdc9bca2bac99fc6f
61,2020-05-29,56,1750140,14480533,2978.0,36999.0,208064.0,8175.0,8235.0,4032.0,689.0,484554.0,2020-05-29T00:00:00Z,97203.0,208064.0,2020-05-29T00:00:00Z,16233651,16230673,16230673,1179,1715,463707,23522,487229,08d301f7fb1e1df6aacd4d967d718c9e4abc79a8
62,2020-05-28,56,1726618,14016826,1906.0,38069.0,206349.0,8389.0,8109.0,4080.0,676.0,478099.0,2020-05-28T00:00:00Z,96024.0,206349.0,2020-05-28T00:00:00Z,15745350,15743444,15743444,1226,1630,411869,22601,434470,3a6633ade64a2430c16dd0ae66f65fe39046450b
63,2020-05-27,56,1704017,13604957,3132.0,38373.0,204719.0,8547.0,8015.0,4222.0,666.0,391508.0,2020-05-27T00:00:00Z,94798.0,204719.0,2020-05-27T00:00:00Z,15312106,15308974,15308974,1318,1713,289048,19385,308433,fad223dd51972ad80e235e30e6352a515bafc64b
64,2020-05-26,56,1684632,13315909,1549.0,37779.0,203006.0,8585.0,7899.0,4215.0,650.0,384902.0,2020-05-26T00:00:00Z,93480.0,203006.0,2020-05-26T00:00:00Z,15002090,15000541,15000541,640,17320,289303,16629,305932,2e3958768775401f362dc1016c2456e7b28a4d6d
65,2020-05-25,56,1668003,13026606,3368.0,37650.0,185686.0,8472.0,7847.0,4237.0,642.0,379157.0,2020-05-25T00:00:00Z,92840.0,185686.0,2020-05-25T00:00:00Z,14697977,14694609,14694609,555,1002,403790,18798,422588,e4b3c098d2811ad3e271bb86d04260aef7e84c87
66,2020-05-24,56,1649205,12622816,3860.0,37695.0,184684.0,8487.0,7801.0,4383.0,639.0,366736.0,2020-05-24T00:00:00Z,92285.0,184684.0,2020-05-24T00:00:00Z,14275881,14272021,14272021,678,921,361400,20105,381505,b29d2be3b4c0d404a323ff68c162823188edcd5b
67,2020-05-23,56,1629100,12261416,4084.0,38614.0,183763.0,8733.0,7770.0,4620.0,638.0,361239.0,2020-05-23T00:00:00Z,91607.0,183763.0,2020-05-23T00:00:00Z,13894600,13890516,13890516,1060,1378,368410,21590,390000,ea0ea12e3b8141cb414ec6ae1ad07d64f5fa0911
68,2020-05-22,56,1607510,11893006,3709.0,39989.0,182385.0,9048.0,7689.0,4716.0,633.0,350135.0,2020-05-22T00:00:00Z,90547.0,182385.0,2020-05-22T00:00:00Z,13504225,13500516,13500516,1335,4046,384533,24555,409088,7a7ff8dc1e891006674ed237aba478619c89050c
69,2020-05-21,56,1582955,11508473,3641.0,41191.0,178339.0,9090.0,7412.0,4868.0,616.0,298418.0,2020-05-21T00:00:00Z,89212.0,178339.0,2020-05-21T00:00:00Z,13095069,13091428,13091428,1388,4630,435306,26513,461819,9468bae8d110de55946f0f687e9811fb052a2ba9
70,2020-05-20,56,1556442,11073167,2973.0,41762.0,173709.0,9522.0,7319.0,4911.0,613.0,294312.0,2020-05-20T00:00:00Z,87824.0,173709.0,2020-05-20T00:00:00Z,12632582,12629609,12629609,1392,1996,385840,21319,407159,0e6e20c7dfec8f752bb6ed78b747518413c4bac8
71,2020-05-19,56,1535123,10687327,2944.0,41872.0,171713.0,9597.0,7217.0,5032.0,606.0,289484.0,2020-05-19T00:00:00Z,86432.0,171713.0,2020-05-19T00:00:00Z,12225394,12222450,12222450,1325,1597,380486,20853,401339,060bf3e153d4ada40e0795ca3b654a65ece5d108
72,2020-05-18,56,1514270,10306841,3596.0,41748.0,170116.0,9755.0,7064.0,5257.0,602.0,283178.0,2020-05-18T00:00:00Z,85107.0,170116.0,2020-05-18T00:00:00Z,11824707,11821111,11821111,844,1157,333721,20992,354713,9a141b4b042e58d25309356fbaa45ebf12b3184a
73,2020-05-17,56,1493278,9973120,3449.0,41785.0,168959.0,9932.0,7003.0,5467.0,593.0,272265.0,2020-05-17T00:00:00Z,84263.0,168959.0,2020-05-17T00:00:00Z,11469847,11466398,11466398,846,1199,350983,20171,371154,c24eb74f6445fd434d1e29cf48ab0df8527fb09f
74,2020-05-16,56,1473107,9622137,3788.0,43396.0,167760.0,10277.0,6945.0,5529.0,592.0,268376.0,2020-05-16T00:00:00Z,83417.0,167760.0,2020-05-16T00:00:00Z,11099032,11095244,11095244,984,1856,337419,24701,362120,ba6aa485e89250395acbc516e22491cd78c19059
75,2020-05-15,56,1448406,9284718,2457.0,44491.0,165904.0,10472.0,6890.0,5746.0,589.0,250747.0,2020-05-15T00:00:00Z,82433.0,165904.0,2020-05-15T00:00:00Z,10735581,10733124,10733124,1502,1353,333613,24710,358323,86a55ca0ef2ad16352c5967ff26baf429c157b63
76,2020-05-14,56,1423696,8951105,2673.0,45790.0,164551.0,10656.0,6795.0,5940.0,582.0,246414.0,2020-05-14T00:00:00Z,80931.0,164551.0,2020-05-14T00:00:00Z,10377474,10374801,10374801,1871,3206,337369,26705,364074,f4f698fcafc27b4b128b0f92809d867323f2e9a8
77,2020-05-13,56,1396991,8613736,1983.0,46926.0,161345.0,10978.0,6713.0,6156.0,572.0,243430.0,2020-05-13T00:00:00Z,79060.0,161345.0,2020-05-13T00:00:00Z,10012710,10010727,10010727,1696,1809,297848,21193,319041,71fb9211ab152d40037a2956a262a879da333abb
78,2020-05-12,56,1375798,8315888,1803.0,47596.0,159536.0,11241.0,5595.0,6352.0,559.0,238857.0,2020-05-12T00:00:00Z,77364.0,159536.0,2020-05-12T00:00:00Z,9693489,9691686,9691686,1472,1579,285892,22663,308555,b2403bd6ff071e037c68484b1c3b25310e54697a
79,2020-05-11,56,1353135,8029996,1989.0,46552.0,157957.0,11147.0,6488.0,6350.0,551.0,232142.0,2020-05-11T00:00:00Z,75892.0,157957.0,2020-05-11T00:00:00Z,9385120,9383131,9383131,887,1238,363887,18236,382123,c3920b5bc47d9471f54504a7254a312b65278c70
80,2020-05-10,56,1334899,7666109,3095.0,47163.0,156719.0,11393.0,6445.0,6395.0,547.0,215591.0,2020-05-10T00:00:00Z,75005.0,156719.0,2020-05-10T00:00:00Z,9004103,9001008,9001008,1024,1055,244826,21504,266330,23f0d514c31ff77ce4965c6bbfa0d7d4dd958e7a
81,2020-05-09,56,1313395,7421283,3054.0,48768.0,155664.0,11496.0,6367.0,6551.0,543.0,211976.0,2020-05-09T00:00:00Z,73981.0,155664.0,2020-05-09T00:00:00Z,8737732,8734678,8734678,1432,1708,266799,24810,291609,0ed55abd5f5e9881886a2087611b4bc9f3b5d970
82,2020-05-08,56,1288585,7154484,3307.0,49992.0,153956.0,11780.0,6294.0,6788.0,531.0,198459.0,2020-05-08T00:00:00Z,72549.0,153956.0,2020-05-08T00:00:00Z,8446376,8443069,8443069,1779,6892,270245,27605,297850,37f2e8c5fdda478dc758e5d7b1c15f802946766f
83,2020-05-07,56,1260980,6884239,3171.0,51683.0,147064.0,12137.0,5174.0,7070.0,529.0,194528.0,2020-05-07T00:00:00Z,70770.0,147064.0,2020-05-07T00:00:00Z,8148390,8145219,8145219,2740,3742,274154,27490,301644,2be851e637535dad6c06f8896e16fe10aa08f7a4
84,2020-05-06,56,1233490,6610085,2742.0,52773.0,143322.0,12478.0,4911.0,4753.0,449.0,189425.0,2020-05-06T00:00:00Z,68030.0,143322.0,2020-05-06T00:00:00Z,7846317,7843575,7843575,1932,2119,219777,25056,244833,85c1d4182f855d14d76b8ab95339b5a82d66fe31
85,2020-05-05,56,1208434,6390308,2633.0,53455.0,141203.0,12629.0,4794.0,4818.0,439.0,189336.0,2020-05-05T00:00:00Z,66098.0,141203.0,2020-05-05T00:00:00Z,7601375,7598742,7598742,2445,1983,249022,22449,271471,8a76c0953a019de3da84c5249152c74ac6719463
86,2020-05-04,56,1185985,6141286,2791.0,52634.0,139220.0,12696.0,4579.0,4848.0,430.0,186752.0,2020-05-04T00:00:00Z,63653.0,139220.0,2020-05-04T00:00:00Z,7330062,7327271,7327271,1012,1651,208933,22523,231456,0900deeb465630c7897b570653b405d002595e2e
87,2020-05-03,56,1163462,5932353,2812.0,52857.0,137569.0,12722.0,4502.0,4761.0,425.0,179733.0,2020-05-03T00:00:00Z,62641.0,137569.0,2020-05-03T00:00:00Z,7098627,7095815,7095815,1206,1963,210747,25767,236514,6bf1a99939970b0686d12e89342f65dc8afe824d
88,2020-05-02,56,1137695,5721606,1578.0,54278.0,135606.0,12904.0,4386.0,4845.0,375.0,174987.0,2020-05-02T00:00:00Z,61435.0,135606.0,2020-05-02T00:00:00Z,6860879,6859301,6859301,1541,2031,217899,29185,247084,f1413bd5784395412e0881b0a749723408ff334a
89,2020-05-01,56,1108510,5503707,1639.0,55122.0,133575.0,12845.0,4300.0,4707.0,376.0,163644.0,2020-05-01T00:00:00Z,59894.0,133575.0,2020-05-01T00:00:00Z,6613856,6612217,6612217,1753,9789,262170,33056,295226,b6b66272849a395a212e7ad49edc1cdea894d6bd
90,2020-04-30,56,1075454,5241537,2775.0,55114.0,123786.0,13255.0,4192.0,4712.0,373.0,154648.0,2020-04-30T00:00:00Z,58141.0,123786.0,2020-04-30T00:00:00Z,6319766,6316991,6316991,2117,2290,203240,29568,232808,23a423aef79a5eefb17da820bcbb1a845c4a1166
91,2020-04-29,56,1045886,5038297,4832.0,56206.0,121496.0,13535.0,4093.0,4796.0,365.0,147165.0,2020-04-29T00:00:00Z,56024.0,121496.0,2020-04-29T00:00:00Z,6089015,6084183,6084183,2692,3415,211964,26641,238605,eb315e6a3bb1dcc83b5de44a3fb9c2b58ad86c05
92,2020-04-28,56,1019245,4826333,4206.0,56255.0,118081.0,13562.0,3798.0,4760.0,195.0,139041.0,2020-04-28T00:00:00Z,53332.0,118081.0,2020-04-28T00:00:00Z,5849784,5845578,5845578,2042,2079,181395,25219,206614,326c3806e6b5174a76d0041c76f0ac3c0d8c1e95
93,2020-04-27,56,994026,4644938,4077.0,56191.0,116002.0,13812.0,3720.0,4867.0,195.0,121323.0,2020-04-27T00:00:00Z,51290.0,116002.0,2020-04-27T00:00:00Z,5643041,5638964,5638964,1237,3076,172795,22605,195400,f7bd06e9998ca40f925bf382932d1a4feb4065e1
94,2020-04-26,56,971421,4472143,4445.0,56186.0,112926.0,14099.0,2571.0,5121.0,227.0,116529.0,2020-04-26T00:00:00Z,50053.0,112926.0,2020-04-26T00:00:00Z,5448009,5443564,5443564,1188,2192,178908,27380,206288,70bba07d3f7572545444dc464e0ccec918f20f34
95,2020-04-25,56,944041,4293235,5315.0,57377.0,110734.0,14414.0,2516.0,5266.0,227.0,112539.0,2020-04-25T00:00:00Z,48865.0,110734.0,2020-04-25T00:00:00Z,5242591,5237276,5237276,1714,2456,240249,35901,276150,377906401d59e940fc9edb081074eaeea1f7a349
96,2020-04-24,56,908140,4052986,4396.0,57300.0,108278.0,14602.0,2468.0,5187.0,227.0,101296.0,2020-04-24T00:00:00Z,47151.0,108278.0,2020-04-24T00:00:00Z,4965522,4961126,4961126,1865,2338,201683,34174,235857,bc59ca2f7b89ce5f7b9ed45e2cdfe7cd3b80bdb5
97,2020-04-23,56,873966,3851303,4258.0,58989.0,105940.0,14744.0,2428.0,5464.0,227.0,96921.0,2020-04-23T00:00:00Z,45286.0,105940.0,2020-04-23T00:00:00Z,4729527,4725269,4725269,1764,2802,161026,31784,192810,c60fcf415436700fcce887cda569af23ee4655a7
98,2020-04-22,56,842182,3690277,4191.0,59205.0,103138.0,15015.0,2370.0,5474.0,227.0,92978.0,2020-04-22T00:00:00Z,43522.0,103138.0,2020-04-22T00:00:00Z,4536650,4532459,4532459,2065,3087,294567,28916,323483,6e6ad751e9e929a98ca329f142ceaf7eff37641e
99,2020-04-21,56,813266,3395710,3956.0,59780.0,100051.0,14941.0,2315.0,5514.0,214.0,72842.0,2020-04-21T00:00:00Z,41457.0,100051.0,2020-04-21T00:00:00Z,4212932,4208976,4208976,2429,2682,126501,26333,152834,a2e9dd04de76b12127bea679332bf042f1069b80
100,2020-04-20,56,786933,3269209,4037.0,56783.0,97369.0,14489.0,2193.0,5567.0,214.0,69493.0,2020-04-20T00:00:00Z,39028.0,97369.0,2020-04-20T00:00:00Z,4060179,4056142,4056142,1765,2211,119816,25872,145688,5200ef1426dff560a8bd499b5690322e135d1c3b
101,2020-04-19,56,761061,3149393,11324.0,56526.0,95158.0,14410.0,2145.0,5603.0,214.0,67205.0,2020-04-19T00:00:00Z,37263.0,95158.0,2020-04-19T00:00:00Z,3921778,3910454,3910454,1733,2239,126462,27468,153930,c034b8883e27a4c5bbe45aee419bd0c3ed5cb62e
102,2020-04-18,56,733593,3022931,9906.0,57761.0,92919.0,14768.0,2096.0,5729.0,205.0,62840.0,2020-04-18T00:00:00Z,35530.0,92919.0,2020-04-18T00:00:00Z,3766430,3756524,3756524,1837,3563,117871,27963,145834,1735f29d76b555a1c103204abe52037567bb3ad7
103,2020-04-17,56,705630,2905060,10889.0,58895.0,89356.0,14890.0,2052.0,6096.0,148.0,53533.0,2020-04-17T00:00:00Z,33693.0,89356.0,2020-04-17T00:00:00Z,3621579,3610690,3610690,2077,3405,126720,31964,158684,59b00b689473f59601573a2509c0a7cd8df5fc6b
104,2020-04-16,56,673666,2778340,16927.0,59499.0,85951.0,15130.0,1834.0,5940.0,137.0,48851.0,2020-04-16T00:00:00Z,31616.0,85951.0,2020-04-16T00:00:00Z,3468933,3452006,3452006,2141,3071,132875,30923,163798,2d6f23af93c527f13ded224668208b169760e6ac
105,2020-04-15,56,642743,2645465,16901.0,59940.0,82880.0,14647.0,1783.0,6032.0,223.0,43435.0,2020-04-15T00:00:00Z,29475.0,82880.0,2020-04-15T00:00:00Z,3305109,3288208,3288208,2486,4434,106684,30298,136982,407002d6344d736d71074a7cca9d54f645300371
106,2020-04-14,56,612445,2538781,16615.0,59601.0,78446.0,14039.0,1715.0,5975.0,221.0,39268.0,2020-04-14T00:00:00Z,26989.0,78446.0,2020-04-14T00:00:00Z,3167841,3151226,3151226,2287,3282,126141,25631,151772,e81577b229de81a231f3654519c190450b1ecbf3
107,2020-04-13,56,586814,2412640,17159.0,56195.0,75164.0,13632.0,1628.0,6168.0,210.0,35372.0,2020-04-13T00:00:00Z,24702.0,75164.0,2020-04-13T00:00:00Z,3016613,2999454,2999454,1572,4285,109050,25133,134183,32bf8eed0aa91c90e37d264896bfc38175c6c3fc
108,2020-04-12,56,561681,2303590,16419.0,55426.0,70879.0,13623.0,1455.0,5986.0,160.0,34081.0,2020-04-12T00:00:00Z,23130.0,70879.0,2020-04-12T00:00:00Z,2881690,2865271,2865271,1630,3288,111073,27844,138917,78e61f51e61e5a69e0f6d2ab01f2198f0d0e5f4c
109,2020-04-11,56,533837,2192517,16593.0,55572.0,67591.0,13280.0,1405.0,5978.0,154.0,31567.0,2020-04-11T00:00:00Z,21500.0,67591.0,2020-04-11T00:00:00Z,2742947,2726354,2726354,1982,2825,106426,30561,136987,93fde136f405d2aae32d42b6fe5f0b2847947237
110,2020-04-10,56,503276,2086091,17435.0,52723.0,64766.0,12698.0,1185.0,5937.0,41.0,28997.0,2020-04-10T00:00:00Z,19518.0,64766.0,2020-04-10T00:00:00Z,2606802,2589367,2589367,2055,4934,124042,34351,158393,5020a8ac93dd32ff72d5d9521b9323f3475a464b
111,2020-04-09,56,468925,1962049,17622.0,50859.0,59832.0,12254.0,924.0,5794.0,39.0,24819.0,2020-04-09T00:00:00Z,17463.0,59832.0,2020-04-09T00:00:00Z,2448596,2430974,2430974,1972,3923,136639,34419,171058,627f31ed714d64d02ac2fb1d2324f76e05c32598
112,2020-04-08,56,434506,1825410,17219.0,45141.0,55909.0,10180.0,1013.0,4131.0,216.0,21102.0,2020-04-08T00:00:00Z,15491.0,55909.0,2020-04-08T00:00:00Z,2277135,2259916,2259916,1944,4311,116954,30534,147488,cd1d3f9e2b2f16ec5484f89708b3851e6c262645
113,2020-04-07,56,403972,1708456,16548.0,43465.0,51598.0,9821.0,889.0,4076.0,151.0,18443.0,2020-04-07T00:00:00Z,13547.0,51598.0,2020-04-07T00:00:00Z,2128976,2112428,2112428,1956,2981,123505,30737,154242,dff536999ed0964f366ab23de118438b9f8a5af0
114,2020-04-06,56,373235,1584951,17283.0,35856.0,48617.0,6943.0,814.0,2961.0,147.0,16554.0,2020-04-06T00:00:00Z,11591.0,48617.0,2020-04-06T00:00:00Z,1975469,1958186,1958186,1254,2946,123071,28937,152008,e729f9b47be2bae439b707b10d843f006dd3670f
115,2020-04-05,56,344298,1461880,17303.0,31875.0,45671.0,5677.0,760.0,652.0,147.0,14513.0,2020-04-05T00:00:00Z,10337.0,45671.0,2020-04-05T00:00:00Z,1823481,1806178,1806178,1285,3903,94105,25550,119655,fe23241dbbd30ed1d27b2d1a2f5ccddba0fbc87e
116,2020-04-04,56,318748,1367775,15569.0,29987.0,41768.0,5383.0,554.0,656.0,147.0,12816.0,2020-04-04T00:00:00Z,9052.0,41768.0,2020-04-04T00:00:00Z,1702092,1686523,1686523,1440,5086,195941,33252,229193,345b3b99d14dc86e63a6d2beb826564932b07029
117,2020-04-03,56,285496,1171834,61976.0,25472.0,36682.0,4811.0,486.0,605.0,147.0,10861.0,2020-04-03T00:00:00Z,7612.0,36682.0,2020-04-03T00:00:00Z,1519306,1457330,1457330,1259,4554,100945,31945,132890,91c749c06717a2e31ff59949c1a3cc855593bdba
118,2020-04-02,56,253551,1070889,62097.0,22764.0,32128.0,4410.0,456.0,574.0,140.0,8586.0,2020-04-02T00:00:00Z,6353.0,32128.0,2020-04-02T00:00:00Z,1386537,1324440,1324440,1149,4175,90859,27992,118851,db385e98e7e0ca9d36288d9e5be624c717e32c1b
119,2020-04-01,56,225559,980030,59665.0,20775.0,27953.0,3937.0,407.0,561.0,140.0,7084.0,2020-04-01T00:00:00Z,5204.0,27953.0,2020-04-01T00:00:00Z,1265254,1205589,1205589,988,4228,82748,25773,108521,ffc76ba56f6fee5d593b32fd7a30fb23ccd5e30e
120,2020-03-31,56,199786,897282,59518.0,18082.0,23725.0,3487.0,236.0,507.0,,5666.0,2020-03-31T00:00:00Z,4216.0,23725.0,2020-03-31T00:00:00Z,1156586,1097068,1097068,861,3906,87636,24694,112330,1cb7d4e0ef9807fcf2a94932bb9b55bb9a1bd16d
121,2020-03-30,56,175092,809646,65369.0,15772.0,19819.0,3087.0,187.0,451.0,,4560.0,2020-03-30T00:00:00Z,3355.0,19819.0,2020-03-30T00:00:00Z,1050107,984738,984738,577,2536,96564,21897,118461,9b975d704d47957023a24635ad87e862fc587dfa
122,2020-03-29,56,153195,713082,65545.0,14026.0,17283.0,2456.0,156.0,439.0,,4052.0,2020-03-29T00:00:00Z,2778.0,17283.0,2020-03-29T00:00:00Z,931822,866277,866277,516,2775,67957,19655,87612,2605410d39dfbe405badd29d4bb3777049512678
123,2020-03-28,56,133540,645125,65709.0,12350.0,14508.0,2174.0,140.0,390.0,,3143.0,2020-03-28T00:00:00Z,2262.0,14508.0,2020-03-28T00:00:00Z,844374,778665,778665,519,2425,87146,19724,106870,04cef5101f30dabc8780cca7dfd2d872096babf3
124,2020-03-27,56,113816,557979,60091.0,10932.0,12083.0,1792.0,124.0,324.0,,2418.0,2020-03-27T00:00:00Z,1743.0,12083.0,2020-03-27T00:00:00Z,731886,671795,671795,401,2563,83612,19044,102656,b408d231da71bb2cd241b5fb6e161aa76d9756d8
125,2020-03-26,56,94772,474367,60251.0,7757.0,9520.0,1299.0,91.0,258.0,,97.0,2020-03-26T00:00:00Z,1342.0,9520.0,2020-03-26T00:00:00Z,629390,569139,569139,311,2499,84159,17656,101815,3c8f170d23af93af244134a63a90b6a5ee4ce2f5
126,2020-03-25,56,77116,390208,51235.0,5062.0,7021.0,,74.0,167.0,,146.0,2020-03-25T00:00:00Z,1031.0,7021.0,2020-03-25T00:00:00Z,518559,467324,467324,232,1904,71521,12873,84394,edea4bdc4c954599ba14d04653b5fbb6dbc0254f
127,2020-03-24,56,64243,318687,14433.0,3902.0,5117.0,,,,,,2020-03-24T00:00:00Z,799.0,5117.0,2020-03-24T00:00:00Z,397363,382930,382930,231,1180,58505,10632,69137,9dc12a7be7f4a9432ec4219dddf44b034acdc983
128,2020-03-23,56,53611,260182,14571.0,2770.0,3937.0,,,,,,2020-03-23T00:00:00Z,568.0,3937.0,2020-03-23T00:00:00Z,328364,313793,313793,97,914,46706,11442,58148,69b731e567219d6c83b1a201d02b1ad25237c001
129,2020-03-22,56,42169,213476,2842.0,2155.0,3023.0,,,,,,2020-03-22T00:00:00Z,471.0,3023.0,2020-03-22T00:00:00Z,258487,255645,255645,143,1003,36214,9259,45473,b6f09490f0a6b206f260a63337096d9b7aa66103
130,2020-03-21,56,32910,177262,3468.0,1436.0,2020.0,,,,,,2020-03-21T00:00:00Z,328.0,2020.0,2020-03-21T00:00:00Z,213640,210172,210172,61,1912,38448,6885,45333,29fbc4bcae2ba51d57a939c18bef4b29fdcceaa0
131,2020-03-20,56,26025,138814,3330.0,1042.0,108.0,,,,,,2020-03-20T00:00:00Z,267.0,108.0,2020-03-20T00:00:00Z,168169,164839,164839,68,23,30407,6255,36662,09fb86c2fc17276f939b02e06769c4e272a04736
132,2020-03-19,56,19770,108407,3016.0,617.0,85.0,,,,,,2020-03-19T00:00:00Z,199.0,85.0,2020-03-19T00:00:00Z,131193,128177,128177,46,18,23410,4671,28081,96cc0ff577ba54a62189e22f97a9e84b8a5d696d
133,2020-03-18,56,15099,84997,2526.0,416.0,67.0,,,,,,2020-03-18T00:00:00Z,153.0,67.0,2020-03-18T00:00:00Z,102622,100096,100096,31,12,21893,3171,25064,45d96c40be4c956eb78422d3fc60ca8f7142758f
134,2020-03-17,56,11928,63104,1687.0,325.0,55.0,,,,,,2020-03-17T00:00:00Z,122.0,55.0,2020-03-17T00:00:00Z,76719,75032,75032,22,13,13707,3613,17320,c3d5cf79abd31df00b2e9d41cb67f35b38ac1b81
135,2020-03-16,56,8315,49397,1691.0,,42.0,,,,,,2020-03-16T00:00:00Z,100.0,42.0,2020-03-16T00:00:00Z,59403,57712,57712,21,6,16355,1569,17924,8ca2bf3f16866e855b0ec36e3481ceb7d3116d52
136,2020-03-15,51,6746,33042,2242.0,,36.0,,,,,,2020-03-15T00:00:00Z,79.0,36.0,2020-03-15T00:00:00Z,42030,39788,39788,15,10,6353,1251,7604,d9129e8dd741b26b80d0b9180ccf7bd1ed98a480
137,2020-03-14,51,5495,26689,1236.0,,26.0,,,,,,2020-03-14T00:00:00Z,64.0,26.0,2020-03-14T00:00:00Z,33420,32184,32184,9,4,3695,915,4610,49cc88b2bc27734b8f33ad1f66a723088a8b7c74
138,2020-03-13,51,4580,22994,1130.0,,22.0,,,,,,2020-03-13T00:00:00Z,55.0,22.0,2020-03-13T00:00:00Z,28704,27574,27574,4,6,8146,1025,9171,682239005489591755bab6e073391e461b66d3e2
139,2020-03-12,51,3555,14848,673.0,,16.0,,,,,,2020-03-12T00:00:00Z,51.0,16.0,2020-03-12T00:00:00Z,19076,18403,18403,8,5,4628,682,5310,531b3418e993cb86c70346d5cc2d763459f9221e
140,2020-03-11,50,2873,10220,563.0,,11.0,,,,,,2020-03-11T00:00:00Z,43.0,11.0,2020-03-11T00:00:00Z,13656,13093,13093,6,3,3291,527,3818,58cdab18c3a7ebcf5c056033114d95e47c6580dc
141,2020-03-10,50,2346,6929,469.0,,8.0,,,,,,2020-03-10T00:00:00Z,37.0,8.0,2020-03-10T00:00:00Z,9744,9275,9275,2,0,2049,441,2490,ab56d59efee3cc53d6b5ccb4ab2c2a013b3f288e
142,2020-03-09,50,1905,4880,313.0,,8.0,,,,,,2020-03-09T00:00:00Z,35.0,8.0,2020-03-09T00:00:00Z,7098,6785,6785,4,2,1406,367,1773,eb067ecd1e4c000fa63581d54354a087acdb20a9
143,2020-03-08,50,1538,3474,347.0,,6.0,,,,,,2020-03-08T00:00:00Z,31.0,6.0,2020-03-08T00:00:00Z,5359,5012,5012,4,0,607,267,874,123818b12d7bf319cf633fcae0eda458d42744f3
144,2020-03-07,50,1271,2867,602.0,,6.0,,,,,,2020-03-07T00:00:00Z,27.0,6.0,2020-03-07T00:00:00Z,4740,4138,4138,1,0,578,220,798,65acb6af12715c6be8ca7b3803deb75ed408bd9f
145,2020-03-06,36,1051,2289,458.0,,6.0,,,,,,2020-03-06T00:00:00Z,26.0,6.0,2020-03-06T00:00:00Z,3798,3340,3340,6,1,645,141,786,bff341983cc3d91067e76e695a7b20466039800f
146,2020-03-05,24,910,1644,197.0,,5.0,,,,,,2020-03-05T00:00:00Z,20.0,5.0,2020-03-05T00:00:00Z,2751,2554,2554,4,1,464,153,617,bbeb057e0be9cfaa0574f478dd604069f36a2225
147,2020-03-04,15,757,1180,103.0,,4.0,,,,,,2020-03-04T00:00:00Z,16.0,4.0,2020-03-04T00:00:00Z,2040,1937,1937,2,4,911,187,1098,3f96feb9ff9259be2ec3fbc99edc9eac7ff266e3
148,2020-03-03,3,570,269,,,,,,,,,2020-03-03T00:00:00Z,14.0,,2020-03-03T00:00:00Z,839,839,839,3,0,143,100,243,f9727e4e13ad82cb735a5e52a102c5b76eeab777
149,2020-03-02,3,470,126,,,,,,,,,2020-03-02T00:00:00Z,11.0,,2020-03-02T00:00:00Z,596,596,596,3,0,112,82,194,e34b83810217fb8afc398883fc82f67cd2a8978f
150,2020-03-01,3,388,14,,,,,,,,,2020-03-01T00:00:00Z,8.0,,2020-03-01T00:00:00Z,402,402,402,3,0,-3,89,86,3d4d65c707c4ebccea4304d86716fb6e265762e1
151,2020-02-29,1,299,17,,,,,,,,,2020-02-29T00:00:00Z,5.0,,2020-02-29T00:00:00Z,316,316,316,1,0,17,24,41,27c8dfcf504c66796dd4842c82d37d8a8b7d0c88
152,2020-02-28,1,275,0,,,,,,,,,2020-02-28T00:00:00Z,4.0,,2020-02-28T00:00:00Z,275,275,275,2,0,0,40,40,0063e380f01c09a74ff18ab1940b36390ef365d9
153,2020-02-27,1,235,0,,,,,,,,,2020-02-27T00:00:00Z,2.0,,2020-02-27T00:00:00Z,235,235,235,0,0,0,27,27,ffe41d6947d93d86a6f85189d9d0461c93f93d5e
154,2020-02-26,1,208,0,,,,,,,,,2020-02-26T00:00:00Z,2.0,,2020-02-26T00:00:00Z,208,208,208,2,0,0,29,29,52535d8139a745270672daabd2f8824e38f7acee
155,2020-02-25,1,179,0,,,,,,,,,2020-02-25T00:00:00Z,,,2020-02-25T00:00:00Z,179,179,179,0,0,0,31,31,fe9bd7ac1b1bb0403591268e0e18c10c7dd677f1
156,2020-02-24,1,148,0,,,,,,,,,2020-02-24T00:00:00Z,,,2020-02-24T00:00:00Z,148,148,148,0,0,0,26,26,40f040514bdd96cea0529aa4fab368bf810ce3de
157,2020-02-23,1,122,0,,,,,,,,,2020-02-23T00:00:00Z,,,2020-02-23T00:00:00Z,122,122,122,0,0,0,16,16,512963fd5bbfd45e6812ee673008fd7f1d9e9051
158,2020-02-22,1,106,0,,,,,,,,,2020-02-22T00:00:00Z,,,2020-02-22T00:00:00Z,106,106,106,0,0,0,13,13,1e2edd13a951b782f2e36aa1335da750c5d605f6
159,2020-02-21,1,93,0,,,,,,,,,2020-02-21T00:00:00Z,,,2020-02-21T00:00:00Z,93,93,93,0,0,0,11,11,775bae89a8c7819e65d3b0b1e05ad1a33b6bb9b7
160,2020-02-20,1,82,0,,,,,,,,,2020-02-20T00:00:00Z,,,2020-02-20T00:00:00Z,82,82,82,0,0,0,13,13,d3832ff43d2ad63fbbac69ccc3a6f7a425671626
161,2020-02-19,1,69,0,,,,,,,,,2020-02-19T00:00:00Z,,,2020-02-19T00:00:00Z,69,69,69,0,0,0,10,10,4eaba6a35cee6bf7863c306d80ebccead4f9e0b8
162,2020-02-18,1,59,0,,,,,,,,,2020-02-18T00:00:00Z,,,2020-02-18T00:00:00Z,59,59,59,0,0,0,9,9,037f86e217230eeb1f82483e7bc38c3575d92f9b
163,2020-02-17,1,50,0,,,,,,,,,2020-02-17T00:00:00Z,,,2020-02-17T00:00:00Z,50,50,50,0,0,0,15,15,654825b140100438046a5320976ca872c886835f
164,2020-02-16,1,35,0,,,,,,,,,2020-02-16T00:00:00Z,,,2020-02-16T00:00:00Z,35,35,35,0,0,0,7,7,0d0ac95120a24edf715c33b7042a673a3ac72c22
165,2020-02-15,1,28,0,,,,,,,,,2020-02-15T00:00:00Z,,,2020-02-15T00:00:00Z,28,28,28,0,0,0,7,7,aa97543642db531c4455dcfbff575626241a3bbb
166,2020-02-14,1,21,0,,,,,,,,,2020-02-14T00:00:00Z,,,2020-02-14T00:00:00Z,21,21,21,0,0,0,3,3,98bad0bbf2467633c3ba4522edc9da4a5a896bd1
167,2020-02-13,1,18,0,,,,,,,,,2020-02-13T00:00:00Z,,,2020-02-13T00:00:00Z,18,18,18,0,0,0,0,0,7033407474f6f0f59a7b74854fcc812d655434c2
168,2020-02-12,1,18,0,,,,,,,,,2020-02-12T00:00:00Z,,,2020-02-12T00:00:00Z,18,18,18,0,0,0,1,1,3b69cfc2335143142dbfcde2ba5732d7b892d037
169,2020-02-11,1,17,0,,,,,,,,,2020-02-11T00:00:00Z,,,2020-02-11T00:00:00Z,17,17,17,0,0,0,1,1,cfe56ace9b8e5eae7ccc0dcb3ce89369077642ab
170,2020-02-10,1,16,0,,,,,,,,,2020-02-10T00:00:00Z,,,2020-02-10T00:00:00Z,16,16,16,0,0,0,3,3,a620e75c6dc4c685fc26d5cca336cfc6ff614506
171,2020-02-09,1,13,0,,,,,,,,,2020-02-09T00:00:00Z,,,2020-02-09T00:00:00Z,13,13,13,0,0,0,0,0,b71f4996ae8c6f14b2d694af20ae26e0fdc68f14
172,2020-02-08,1,13,0,,,,,,,,,2020-02-08T00:00:00Z,,,2020-02-08T00:00:00Z,13,13,13,0,0,0,1,1,27c3180319798290a1198cbbee0c1ed2379fdc2e
173,2020-02-07,1,12,0,,,,,,,,,2020-02-07T00:00:00Z,,,2020-02-07T00:00:00Z,12,12,12,0,0,0,1,1,b396ed198a3b1a49e6d52705bd47baf45e9c5ae3
174,2020-02-06,1,11,0,,,,,,,,,2020-02-06T00:00:00Z,,,2020-02-06T00:00:00Z,11,11,11,0,0,0,3,3,d7fb4549ba2c79b594b34fa9ed191b58d71e3696
175,2020-02-05,1,8,0,,,,,,,,,2020-02-05T00:00:00Z,,,2020-02-05T00:00:00Z,8,8,8,0,0,0,0,0,4ca0fa2b0948956f33b5a5788abefaf56f1fce99
176,2020-02-04,1,8,0,,,,,,,,,2020-02-04T00:00:00Z,,,2020-02-04T00:00:00Z,8,8,8,0,0,0,1,1,a2c106780077754f6fc62f322ee1bb13059abf01
177,2020-02-03,1,7,0,,,,,,,,,2020-02-03T00:00:00Z,,,2020-02-03T00:00:00Z,7,7,7,0,0,0,1,1,f675e1b9bbb0cae5b545c12b528a2d123c419fb9
178,2020-02-02,1,6,0,,,,,,,,,2020-02-02T00:00:00Z,,,2020-02-02T00:00:00Z,6,6,6,0,0,0,2,2,cabf736289065d789dd6100385a980d65a1fbeeb
179,2020-02-01,1,4,0,,,,,,,,,2020-02-01T00:00:00Z,,,2020-02-01T00:00:00Z,4,4,4,0,0,0,1,1,5d928ca7c6802a3183d4d549f6f746cde73b00ae
180,2020-01-31,1,3,0,,,,,,,,,2020-01-31T00:00:00Z,,,2020-01-31T00:00:00Z,3,3,3,0,0,0,0,0,c5e11f3f448ee066a5d4ba1b23fc91ec00c54e86
181,2020-01-30,1,3,0,,,,,,,,,2020-01-30T00:00:00Z,,,2020-01-30T00:00:00Z,3,3,3,0,0,0,0,0,0a8e7117d2571e8984618900ff1d40d7f2c944fe
182,2020-01-29,1,3,0,,,,,,,,,2020-01-29T00:00:00Z,,,2020-01-29T00:00:00Z,3,3,3,0,0,0,1,1,e960a515d1779fa15049c5935ab0574e595a87c8
183,2020-01-28,1,2,0,,,,,,,,,2020-01-28T00:00:00Z,,,2020-01-28T00:00:00Z,2,2,2,0,0,0,0,0,0c443fe4c026a213030f976017c9fa95f115d5a7
184,2020-01-27,1,2,0,,,,,,,,,2020-01-27T00:00:00Z,,,2020-01-27T00:00:00Z,2,2,2,0,0,0,0,0,3dde2425e73c17b4e6cbf0e4432340298c0a94f5
185,2020-01-26,1,2,0,,,,,,,,,2020-01-26T00:00:00Z,,,2020-01-26T00:00:00Z,2,2,2,0,0,0,0,0,e1cf59ab48e1cf367c4a6798a508a23d9d36bd18
186,2020-01-25,1,2,0,,,,,,,,,2020-01-25T00:00:00Z,,,2020-01-25T00:00:00Z,2,2,2,0,0,0,0,0,bef2a1d5f2a13491e0e0369bbd46c10cdd12973b
187,2020-01-24,1,2,0,,,,,,,,,2020-01-24T00:00:00Z,,,2020-01-24T00:00:00Z,2,2,2,0,0,0,0,0,bfffe76fc0b7cf11efe8aecd3cc7b22598d77d61
188,2020-01-23,1,2,0,,,,,,,,,2020-01-23T00:00:00Z,,,2020-01-23T00:00:00Z,2,2,2,0,0,0,0,0,cee36ebf3174bf1df0daa36e1e8088a157406fad
189,2020-01-22,1,2,0,,,,,,,,,2020-01-22T00:00:00Z,,,2020-01-22T00:00:00Z,2,2,2,0,0,0,0,0,d538c99729d1fee626212d1878a100c1e1204a5f
