ccaa,fecha,casos,ia,uci,muertes,hospitalizados,curados,nuevos
Andalucía,2020-03-02,12,,,,,,
Andalucía,2020-03-03,13,0.15,,,,,1
Andalucía,2020-03-04,13,0.15,1,,,,0
Andalucía,2020-03-05,12,0.14,1,0,,,-1
Andalucía,2020-03-06,21,0.25,1,0,,,9
Andalucía,2020-03-07,,,,,,,
Andalucía,2020-03-08,,,,,,,
Andalucía,2020-03-09,54,0.64,1,0,,,33
Andalucía,2020-03-10,71,0.84,1,0,,,17
Andalucía,2020-03-11,90,1.07,3,0,,,19
Andalucía,2020-03-12,115,1.35,4,0,,,25
Andalucía,2020-03-13,219,2.53,8,0,,,104
Andalucía,2020-03-14,269,3.83,9,2,,,50
Andalucía,2020-03-15,437,5.14,10,6,,,168
Andalucía,2020-03-16,554,6.44,11,7,,,117
Andalucía,2020-03-17,683,7.97,13,11,,,129
Andalucía,2020-03-18,859,10.07,21,19,,,176
Andalucía,2020-03-19,1008,11.84,25,23,,,149
Andalucía,2020-03-20,1287,15.05,38,30,,,279
Andalucía,2020-03-21,1515,17.68,53,40,605,,228
Andalucía,2020-03-22,1725,20.1,55,47,724,,210
Andalucía,2020-03-23,1961,22.66,77,58,865,50,236
Andalucía,2020-03-24,2471,28.52,102,87,1132,66,510
Andalucía,2020-03-25,3010,34.57,116,113,1433,71,539
Andalucía,2020-03-26,3406,38.96,134,134,1626,77,396
Andalucía,2020-03-27,3793,42.48,148,144,1843,92,387
Andalucía,2020-03-28,4277,47.63,172,175,2106,139,484
Andalucía,2020-03-29,4682,50.45,201,207,2294,148,405
Andalucía,2020-03-30,5405,57.65,216,236,2671,155,723
Andalucía,2020-03-31,5818,61.03,235,248,2867,160,413
Andalucía,2020-04-01,6392,65.76,260,308,3147,182,574
Aragón,2020-03-02,0,,,,,,
Aragón,2020-03-03,0,0,,,,,0
Aragón,2020-03-04,0,0,,,,,0
Aragón,2020-03-05,1,0.08,1,0,,,1
Aragón,2020-03-06,6,0.45,1,1,,,5
Aragón,2020-03-07,,,,,,,
Aragón,2020-03-08,,,,,,,
Aragón,2020-03-09,13,0.99,1,1,,,7
Aragón,2020-03-10,38,2.88,3,3,,,25
Aragón,2020-03-11,45,3.41,3,4,,,7
Aragón,2020-03-12,64,4.85,3,6,,,19
Aragón,2020-03-13,80,6.06,3,7,,,16
Aragón,2020-03-14,80,8.44,4,7,,,0
Aragón,2020-03-15,147,10.81,6,7,,,67
Aragón,2020-03-16,174,13.19,7,11,,,27
Aragón,2020-03-17,207,15.69,9,12,,,33
Aragón,2020-03-18,226,17.13,9,13,,,19
Aragón,2020-03-19,281,21.22,14,15,,,55
Aragón,2020-03-20,360,26.83,28,17,,,79
Aragón,2020-03-21,424,31.3,33,22,192,,64
Aragón,2020-03-22,532,39.49,45,24,241,,108
Aragón,2020-03-23,638,47.37,52,32,298,3,106
Aragón,2020-03-24,758,54.57,66,37,384,3,120
Aragón,2020-03-25,907,65.09,75,40,459,4,149
Aragón,2020-03-26,1116,79.43,93,48,562,4,209
Aragón,2020-03-27,1338,95.35,114,58,693,8,222
Aragón,2020-03-28,1592,111.5,124,58,835,8,254
Aragón,2020-03-29,1858,129.69,124,93,835,8,266
Aragón,2020-03-30,2078,144.32,156,106,1094,174,220
Aragón,2020-03-31,2272,156.52,165,138,1176,204,194
Aragón,2020-04-01,2491,171.68,168,169,1234,257,219
Asturias,2020-03-02,1,,,,,,
Asturias,2020-03-03,1,0.1,,,,,0
Asturias,2020-03-04,2,0.2,1,,,,1
Asturias,2020-03-05,5,0.49,2,0,,,3
Asturias,2020-03-06,5,0.49,2,0,,,0
Asturias,2020-03-07,,,,,,,
Asturias,2020-03-08,,,,,,,
Asturias,2020-03-09,7,0.68,2,0,,,2
Asturias,2020-03-10,22,2.15,2,0,,,15
Asturias,2020-03-11,32,3.13,2,0,,,10
Asturias,2020-03-12,47,4.6,2,1,,,15
Asturias,2020-03-13,67,6.55,2,1,,,20
Asturias,2020-03-14,92,10.1,2,1,,,25
Asturias,2020-03-15,137,13.66,3,1,,,45
Asturias,2020-03-16,177,17.21,3,1,,,40
Asturias,2020-03-17,193,18.77,5,1,,,16
Asturias,2020-03-18,242,23.46,5,1,,,49
Asturias,2020-03-19,292,28.06,6,1,,,50
Asturias,2020-03-20,344,33.14,7,2,,,52
Asturias,2020-03-21,486,47.03,12,5,133,,142
Asturias,2020-03-22,545,52.6,15,8,171,,59
Asturias,2020-03-23,594,57.39,22,12,194,21,49
Asturias,2020-03-24,662,62.57,23,22,224,30,68
Asturias,2020-03-25,779,73.24,29,25,263,35,117
Asturias,2020-03-26,841,77.84,34,27,300,40,62
Asturias,2020-03-27,900,81.44,47,29,339,52,59
Asturias,2020-03-28,1004,89.17,50,33,408,65,104
Asturias,2020-03-29,1088,92.98,57,41,466,76,84
Asturias,2020-03-30,1158,95.91,60,49,479,78,70
Asturias,2020-03-31,1236,101.97,65,55,529,90,78
Asturias,2020-04-01,1322,105.59,76,63,590,109,86
Baleares,2020-03-02,2,,,,,,
Baleares,2020-03-03,2,0.17,,,,,0
Baleares,2020-03-04,5,0.43,,,,,3
Baleares,2020-03-05,6,0.52,0,0,,,1
Baleares,2020-03-06,6,0.52,0,0,,,0
Baleares,2020-03-07,,,,,,,
Baleares,2020-03-08,,,,,,,
Baleares,2020-03-09,11,0.96,0,0,,,5
Baleares,2020-03-10,13,1.13,1,0,,,2
Baleares,2020-03-11,16,1.39,1,0,,,3
Baleares,2020-03-12,22,1.83,2,1,,,6
Baleares,2020-03-13,30,2.52,2,1,,,8
Baleares,2020-03-14,28,3.74,3,1,,,-2
Baleares,2020-03-15,28,4.96,3,1,,,0
Baleares,2020-03-16,73,6.18,4,1,,,45
Baleares,2020-03-17,92,7.83,4,1,,,19
Baleares,2020-03-18,112,9.31,4,1,,,20
Baleares,2020-03-19,169,14.18,7,2,,,57
Baleares,2020-03-20,203,17.14,10,2,,,34
Baleares,2020-03-21,246,20.88,14,4,60,,43
Baleares,2020-03-22,331,28.1,14,4,79,,85
Baleares,2020-03-23,400,33.84,27,10,87,18,69
Baleares,2020-03-24,478,40.45,35,10,127,19,78
Baleares,2020-03-25,562,45.55,40,13,164,28,84
Baleares,2020-03-26,660,53.23,43,17,205,39,98
Baleares,2020-03-27,755,63.25,46,22,237,67,95
Baleares,2020-03-28,862,72.56,59,26,283,80,107
Baleares,2020-03-29,958,79.69,71,29,345,82,96
Baleares,2020-03-30,1000,80.65,80,37,353,100,42
Baleares,2020-03-31,1069,85,85,42,399,111,69
Baleares,2020-04-01,1131,88.65,95,46,468,170,62
CValenciana,2020-03-02,15,,,,,,
CValenciana,2020-03-03,15,0.3,,,,,0
CValenciana,2020-03-04,19,0.38,,,,,4
CValenciana,2020-03-05,19,0.38,0,1,,,0
CValenciana,2020-03-06,30,0.6,1,1,,,11
CValenciana,2020-03-07,,,,,,,
CValenciana,2020-03-08,,,,,,,
CValenciana,2020-03-09,37,0.74,1,1,,,7
CValenciana,2020-03-10,50,1,1,1,,,13
CValenciana,2020-03-11,65,1.28,1,1,,,15
CValenciana,2020-03-12,76,1.48,2,1,,,11
CValenciana,2020-03-13,94,1.72,2,1,,,18
CValenciana,2020-03-14,130,3.77,3,4,,,36
CValenciana,2020-03-15,409,5.82,3,5,,,279
CValenciana,2020-03-16,409,7.87,4,5,,,0
CValenciana,2020-03-17,541,10.51,27,13,,,132
CValenciana,2020-03-18,726,14.13,40,22,,,185
CValenciana,2020-03-19,921,18.03,52,24,,,195
CValenciana,2020-03-20,1105,21.48,71,33,,,184
CValenciana,2020-03-21,1363,26.64,84,50,476,,258
CValenciana,2020-03-22,1604,31.32,113,69,590,,241
CValenciana,2020-03-23,1901,37.25,138,94,702,36,297
CValenciana,2020-03-24,2167,42.31,161,115,917,37,266
CValenciana,2020-03-25,2616,51.03,198,143,1071,44,449
CValenciana,2020-03-26,3200,62.5,230,167,1278,57,584
CValenciana,2020-03-27,3532,68.71,252,198,1422,73,332
CValenciana,2020-03-28,4034,78.02,282,234,1694,92,502
CValenciana,2020-03-29,4784,87.43,309,267,1874,161,750
CValenciana,2020-03-30,5110,93.95,336,310,2042,185,326
CValenciana,2020-03-31,5508,99.27,356,339,2189,200,398
CValenciana,2020-04-01,5922,103.84,365,395,2189,240,414
Canarias,2020-03-02,7,,,,,,
Canarias,2020-03-03,7,0.33,,,,,0
Canarias,2020-03-04,7,0.33,,,,,0
Canarias,2020-03-05,8,0.37,0,0,,,1
Canarias,2020-03-06,11,0.51,0,0,,,3
Canarias,2020-03-07,,,,,,,
Canarias,2020-03-08,,,,,,,
Canarias,2020-03-09,22,1.02,0,0,,,11
Canarias,2020-03-10,25,1.16,1,0,,,3
Canarias,2020-03-11,37,1.49,1,0,,,12
Canarias,2020-03-12,51,2.09,3,0,,,14
Canarias,2020-03-13,70,2.97,2,0,,,19
Canarias,2020-03-14,90,3.71,4,1,,,20
Canarias,2020-03-15,109,4.46,7,1,,,19
Canarias,2020-03-16,119,5.2,9,1,,,10
Canarias,2020-03-17,148,6.55,13,2,,,29
Canarias,2020-03-18,181,8.08,17,3,,,33
Canarias,2020-03-19,220,9.84,23,3,,,39
Canarias,2020-03-20,287,12.82,25,4,,,67
Canarias,2020-03-21,348,15.65,29,7,139,,61
Canarias,2020-03-22,414,18.44,32,9,150,,66
Canarias,2020-03-23,481,21.32,32,11,172,7,67
Canarias,2020-03-24,557,24.71,36,16,207,8,76
Canarias,2020-03-25,657,27.92,43,21,235,15,100
Canarias,2020-03-26,784,33.01,45,24,279,18,127
Canarias,2020-03-27,878,37.52,61,27,328,20,94
Canarias,2020-03-28,1025,43.42,68,36,377,25,147
Canarias,2020-03-29,1125,47.18,78,39,425,30,100
Canarias,2020-03-30,1204,50.39,84,40,444,32,79
Canarias,2020-03-31,1262,51.73,94,55,483,57,58
Canarias,2020-04-01,1380,55.68,110,62,532,77,118
Cantabria,2020-03-02,10,,,,,,
Cantabria,2020-03-03,10,1.72,,,,,0
Cantabria,2020-03-04,10,1.72,,,,,0
Cantabria,2020-03-05,10,1.72,0,0,,,0
Cantabria,2020-03-06,10,1.72,0,0,,,0
Cantabria,2020-03-07,,,,,,,
Cantabria,2020-03-08,,,,,,,
Cantabria,2020-03-09,12,2.07,0,0,,,2
Cantabria,2020-03-10,12,2.07,0,0,,,0
Cantabria,2020-03-11,12,2.07,0,0,,,0
Cantabria,2020-03-12,16,2.75,0,0,,,4
Cantabria,2020-03-13,29,4.99,0,0,,,13
Cantabria,2020-03-14,31,6.08,1,0,,,2
Cantabria,2020-03-15,51,7.17,1,0,,,20
Cantabria,2020-03-16,58,8.26,2,0,,,7
Cantabria,2020-03-17,58,8.26,2,0,,,0
Cantabria,2020-03-18,68,9.98,3,1,,,10
Cantabria,2020-03-19,83,12.56,4,1,,,15
Cantabria,2020-03-20,144,23.06,7,1,,,61
Cantabria,2020-03-21,215,35.28,9,2,92,,71
Cantabria,2020-03-22,282,46.47,9,5,116,,67
Cantabria,2020-03-23,347,57.65,14,6,157,11,65
Cantabria,2020-03-24,425,71.07,16,9,200,12,78
Cantabria,2020-03-25,510,85.57,18,14,241,12,85
Cantabria,2020-03-26,671,112.55,26,17,300,14,161
Cantabria,2020-03-27,810,134.41,29,21,355,19,139
Cantabria,2020-03-28,937,155.92,37,22,406,21,127
Cantabria,2020-03-29,1023,167.28,40,26,449,25,86
Cantabria,2020-03-30,1100,179.32,46,27,481,24,77
Cantabria,2020-03-31,1171,191.54,50,37,522,35,71
Cantabria,2020-04-01,1213,197.05,54,54,543,43,42
CastillaLaMancha,2020-03-02,3,,,,,,
CastillaLaMancha,2020-03-03,7,0.34,,,,,4
CastillaLaMancha,2020-03-04,12,0.59,1,,,,5
CastillaLaMancha,2020-03-05,13,0.64,1,0,,,1
CastillaLaMancha,2020-03-06,15,0.74,1,0,,,2
CastillaLaMancha,2020-03-07,,,,,,,
CastillaLaMancha,2020-03-08,,,,,,,
CastillaLaMancha,2020-03-09,26,1.28,2,0,,,11
CastillaLaMancha,2020-03-10,39,1.92,2,0,,,13
CastillaLaMancha,2020-03-11,71,3.49,5,0,,,32
CastillaLaMancha,2020-03-12,115,5.66,9,1,,,44
CastillaLaMancha,2020-03-13,194,9.54,10,5,,,79
CastillaLaMancha,2020-03-14,289,15.61,14,6,,,95
CastillaLaMancha,2020-03-15,401,21.67,19,10,,,112
CastillaLaMancha,2020-03-16,567,27.74,23,17,,,166
CastillaLaMancha,2020-03-17,567,27.55,23,17,,,0
CastillaLaMancha,2020-03-18,675,32.61,29,28,,,108
CastillaLaMancha,2020-03-19,801,38.76,37,42,,,126
CastillaLaMancha,2020-03-20,1044,50.62,37,62,,,243
CastillaLaMancha,2020-03-21,1423,69.26,65,84,635,,379
CastillaLaMancha,2020-03-22,1819,88.74,76,112,838,,396
CastillaLaMancha,2020-03-23,2078,100.94,142,145,1547,51,259
CastillaLaMancha,2020-03-24,2465,119.34,182,216,1826,53,387
CastillaLaMancha,2020-03-25,2780,132.9,210,263,2162,71,315
CastillaLaMancha,2020-03-26,3383,160.32,243,316,2162,95,603
CastillaLaMancha,2020-03-27,3934,183.98,273,367,2707,153,551
CastillaLaMancha,2020-03-28,4512,207.74,289,448,2977,197,578
CastillaLaMancha,2020-03-29,5246,238.33,299,539,3018,236,734
CastillaLaMancha,2020-03-30,5858,260.27,302,622,3134,252,612
CastillaLaMancha,2020-03-31,6424,288.12,344,708,3225,296,566
CastillaLaMancha,2020-04-01,7047,313.45,353,774,3230,397,623
CastillayLeón,2020-03-02,3,,,,,,
CastillayLeón,2020-03-03,8,0.33,,,,,5
CastillayLeón,2020-03-04,11,0.46,1,,,,3
CastillayLeón,2020-03-05,11,0.46,1,0,,,0
CastillayLeón,2020-03-06,14,0.58,1,0,,,3
CastillayLeón,2020-03-07,,,,,,,
CastillayLeón,2020-03-08,,,,,,,
CastillayLeón,2020-03-09,23,0.96,1,0,,,9
CastillayLeón,2020-03-10,56,2.33,2,0,,,33
CastillayLeón,2020-03-11,71,2.96,2,0,,,15
CastillayLeón,2020-03-12,92,3.83,4,0,,,21
CastillayLeón,2020-03-13,169,6.96,8,1,,,77
CastillayLeón,2020-03-14,223,9.24,13,3,,,54
CastillayLeón,2020-03-15,292,11.51,19,6,,,69
CastillayLeón,2020-03-16,334,13.79,24,9,,,42
CastillayLeón,2020-03-17,431,17.63,24,12,,,97
CastillayLeón,2020-03-18,668,27.38,43,22,,,237
CastillayLeón,2020-03-19,868,35.72,54,29,,,200
CastillayLeón,2020-03-20,1147,47.22,69,43,,,279
CastillayLeón,2020-03-21,1466,60.51,85,55,575,,319
CastillayLeón,2020-03-22,1744,71.76,106,74,709,,278
CastillayLeón,2020-03-23,2055,84.68,120,102,860,117,311
CastillayLeón,2020-03-24,2460,100.19,137,124,1057,140,405
CastillayLeón,2020-03-25,2940,119.4,170,165,1244,213,480
CastillayLeón,2020-03-26,3488,141.33,202,206,1515,308,548
CastillayLeón,2020-03-27,4132,165.16,228,252,1791,423,644
CastillayLeón,2020-03-28,4791,190.37,249,321,2063,585,659
CastillayLeón,2020-03-29,5414,213.46,278,380,2408,752,623
CastillayLeón,2020-03-30,5801,227.83,307,442,2540,871,387
CastillayLeón,2020-03-31,6211,240.88,325,516,2601,1028,410
CastillayLeón,2020-04-01,6847,257.51,345,585,2692,1259,636
Cataluña,2020-03-02,15,,,,,,
Cataluña,2020-03-03,15,0.2,,,,,0
Cataluña,2020-03-04,15,0.2,,,,,0
Cataluña,2020-03-05,24,0.31,0,0,,,9
Cataluña,2020-03-06,24,0.31,0,0,,,0
Cataluña,2020-03-07,,,,,,,
Cataluña,2020-03-08,,,,,,,
Cataluña,2020-03-09,75,0.98,0,1,,,51
Cataluña,2020-03-10,124,1.62,0,3,,,49
Cataluña,2020-03-11,156,2.02,0,3,,,32
Cataluña,2020-03-12,260,3.36,0,4,,,104
Cataluña,2020-03-13,316,4.08,25,4,,,56
Cataluña,2020-03-14,509,6.58,28,6,,,193
Cataluña,2020-03-15,715,9.07,30,8,,,206
Cataluña,2020-03-16,903,11.57,33,12,,,188
Cataluña,2020-03-17,1394,17.97,33,18,,,491
Cataluña,2020-03-18,1866,24.12,33,41,,,472
Cataluña,2020-03-19,2702,34.89,33,55,,,836
Cataluña,2020-03-20,3270,42.29,33,82,,,568
Cataluña,2020-03-21,4203,54.45,298,122,1681,,933
Cataluña,2020-03-22,4704,60.65,298,191,1681,,501
Cataluña,2020-03-23,5925,76.22,551,245,1681,644,1221
Cataluña,2020-03-24,7864,100.84,551,282,3599,728,1939
Cataluña,2020-03-25,9937,128.54,781,516,5434,1274,2073
Cataluña,2020-03-26,11592,148.92,1021,672,7439,1697,1655
Cataluña,2020-03-27,12940,164.48,1187,880,8545,2348,1348
Cataluña,2020-03-28,14263,179.2,1324,1070,9900,3106,1323
Cataluña,2020-03-29,15026,186.46,1391,1226,10688,3455,763
Cataluña,2020-03-30,16157,198.74,1512,1410,11769,4125,1131
Cataluña,2020-03-31,18773,226.43,1652,1672,12974,4966,2616
Cataluña,2020-04-01,19991,236.15,1769,1849,13969,5701,1218
Ceuta,2020-03-02,0,,,,,,
Ceuta,2020-03-03,0,0,,,,,0
Ceuta,2020-03-04,0,0,,,,,0
Ceuta,2020-03-05,0,0,0,0,,,0
Ceuta,2020-03-06,0,0,0,0,,,0
Ceuta,2020-03-07,,,,,,,
Ceuta,2020-03-08,,,,,,,
Ceuta,2020-03-09,0,0,0,0,,,0
Ceuta,2020-03-10,0,0,0,0,,,0
Ceuta,2020-03-11,0,0,0,0,,,0
Ceuta,2020-03-12,0,0,0,0,,,0
Ceuta,2020-03-13,0,0,0,0,,,0
Ceuta,2020-03-14,0,0.39,0,0,,,0
Ceuta,2020-03-15,1,0.79,0,0,,,1
Ceuta,2020-03-16,1,1.18,0,0,,,0
Ceuta,2020-03-17,1,1.18,0,0,,,0
Ceuta,2020-03-18,1,1.18,0,0,,,0
Ceuta,2020-03-19,1,1.18,0,0,,,0
Ceuta,2020-03-20,5,5.9,0,0,,,4
Ceuta,2020-03-21,5,5.9,0,0,0,,0
Ceuta,2020-03-22,5,5.9,0,0,0,,0
Ceuta,2020-03-23,6,7.08,0,0,0,0,1
Ceuta,2020-03-24,6,7.08,0,0,0,0,0
Ceuta,2020-03-25,9,10.66,1,0,2,0,3
Ceuta,2020-03-26,10,11.84,2,0,2,0,1
Ceuta,2020-03-27,17,20.05,2,0,2,0,7
Ceuta,2020-03-28,17,20.05,2,1,2,0,0
Ceuta,2020-03-29,21,23.59,2,1,2,0,4
Ceuta,2020-03-30,25,28.31,2,1,2,0,4
Ceuta,2020-03-31,34,38.93,3,1,3,0,9
Ceuta,2020-04-01,51,58.98,3,1,6,0,17
Extremadura,2020-03-02,6,,,,,,
Extremadura,2020-03-03,6,0.56,,,,,0
Extremadura,2020-03-04,6,0.56,,,,,0
Extremadura,2020-03-05,6,0.56,0,0,,,0
Extremadura,2020-03-06,6,0.56,0,0,,,0
Extremadura,2020-03-07,,,,,,,
Extremadura,2020-03-08,,,,,,,
Extremadura,2020-03-09,7,0.66,0,0,,,1
Extremadura,2020-03-10,8,0.75,0,0,,,1
Extremadura,2020-03-11,9,0.84,1,0,,,1
Extremadura,2020-03-12,19,1.78,1,1,,,10
Extremadura,2020-03-13,39,3.65,1,1,,,20
Extremadura,2020-03-14,66,5.71,1,2,,,27
Extremadura,2020-03-15,95,7.77,1,2,,,29
Extremadura,2020-03-16,111,9.83,1,2,,,16
Extremadura,2020-03-17,153,13.77,2,3,,,42
Extremadura,2020-03-18,194,17.61,3,6,,,41
Extremadura,2020-03-19,241,22.01,3,8,,,47
Extremadura,2020-03-20,297,27.25,4,10,,,56
Extremadura,2020-03-21,354,32.59,6,12,65,,57
Extremadura,2020-03-22,384,35.4,8,14,87,,30
Extremadura,2020-03-23,493,45.52,13,18,131,6,109
Extremadura,2020-03-24,636,58.82,20,26,161,8,143
Extremadura,2020-03-25,742,68.97,28,39,209,8,106
Extremadura,2020-03-26,969,89.39,34,58,241,24,227
Extremadura,2020-03-27,1231,111.64,41,69,277,33,262
Extremadura,2020-03-28,1394,124.38,40,88,312,49,163
Extremadura,2020-03-29,1456,127.47,41,100,313,51,62
Extremadura,2020-03-30,1560,135.71,43,106,353,60,104
Extremadura,2020-03-31,1628,138.15,51,133,371,91,68
Extremadura,2020-04-01,1679,139.08,58,152,372,113,51
Galicia,2020-03-02,0,,,,,,
Galicia,2020-03-03,0,0,,,,,0
Galicia,2020-03-04,1,0.04,,,,,1
Galicia,2020-03-05,1,0.04,0,0,,,0
Galicia,2020-03-06,3,0.11,0,0,,,2
Galicia,2020-03-07,,,,,,,
Galicia,2020-03-08,,,,,,,
Galicia,2020-03-09,6,0.22,0,0,,,3
Galicia,2020-03-10,22,0.81,2,0,,,16
Galicia,2020-03-11,39,1.44,2,0,,,17
Galicia,2020-03-12,35,1.3,2,0,,,-4
Galicia,2020-03-13,85,3.15,2,0,,,50
Galicia,2020-03-14,115,5.13,4,0,,,30
Galicia,2020-03-15,195,7.1,7,2,,,80
Galicia,2020-03-16,245,9.08,9,2,,,50
Galicia,2020-03-17,292,10.82,9,3,,,47
Galicia,2020-03-18,341,12.59,12,3,,,49
Galicia,2020-03-19,453,16.74,15,4,,,112
Galicia,2020-03-20,578,21.3,19,5,,,125
Galicia,2020-03-21,739,27.26,29,9,168,,161
Galicia,2020-03-22,915,33.71,35,12,227,,176
Galicia,2020-03-23,1208,44.53,47,18,270,19,293
Galicia,2020-03-24,1415,51.6,55,20,338,19,207
Galicia,2020-03-25,1653,59.95,69,27,412,25,238
Galicia,2020-03-26,1915,69.66,86,32,503,47,262
Galicia,2020-03-27,2322,82.87,98,43,557,67,407
Galicia,2020-03-28,2772,98.43,112,47,906,95,450
Galicia,2020-03-29,3139,109.06,123,60,1043,153,367
Galicia,2020-03-30,3723,128.84,134,66,1147,168,584
Galicia,2020-03-31,4039,138.8,149,84,1250,187,316
Galicia,2020-04-01,4432,151.55,158,103,1338,259,393
LaRioja,2020-03-02,1,,,,,,
LaRioja,2020-03-03,3,0.95,,,,,2
LaRioja,2020-03-04,7,2.21,,,,,4
LaRioja,2020-03-05,11,3.47,0,0,,,4
LaRioja,2020-03-06,29,9.15,0,0,,,18
LaRioja,2020-03-07,,,,,,,
LaRioja,2020-03-08,,,,,,,
LaRioja,2020-03-09,81,25.57,1,0,,,52
LaRioja,2020-03-10,144,45.45,1,1,,,63
LaRioja,2020-03-11,179,56.5,1,2,,,35
LaRioja,2020-03-12,205,64.71,1,2,,,26
LaRioja,2020-03-13,243,76.71,2,2,,,38
LaRioja,2020-03-14,278,83.86,6,3,,,35
LaRioja,2020-03-15,300,91.02,9,3,,,22
LaRioja,2020-03-16,312,98.17,13,4,,,12
LaRioja,2020-03-17,355,111.11,13,5,,,43
LaRioja,2020-03-18,419,130.05,13,5,,,64
LaRioja,2020-03-19,468,144.26,15,5,,,49
LaRioja,2020-03-20,497,147.73,15,7,,,29
LaRioja,2020-03-21,564,165.72,17,15,128,,67
LaRioja,2020-03-22,654,189.08,17,18,134,,90
LaRioja,2020-03-23,747,210.23,22,22,166,18,93
LaRioja,2020-03-24,802,207.7,24,30,206,24,55
LaRioja,2020-03-25,928,238.17,33,37,254,43,126
LaRioja,2020-03-26,995,251.2,36,43,316,48,67
LaRioja,2020-03-27,1236,313.45,43,55,388,62,241
LaRioja,2020-03-28,1436,365.53,43,65,458,364,200
LaRioja,2020-03-29,1629,419.51,43,68,497,397,193
LaRioja,2020-03-30,1733,448.55,43,71,517,431,104
LaRioja,2020-03-31,1810,459.28,51,85,575,496,77
LaRioja,2020-04-01,1960,486.43,54,90,619,569,150
Madrid,2020-03-02,29,,,,,,
Madrid,2020-03-03,49,0.74,,,,,20
Madrid,2020-03-04,70,1.05,2,,,,21
Madrid,2020-03-05,90,1.35,2,1,,,20
Madrid,2020-03-06,137,2.06,2,2,,,47
Madrid,2020-03-07,,,,,,,
Madrid,2020-03-08,,,,,,,
Madrid,2020-03-09,469,7.04,53,8,,,332
Madrid,2020-03-10,782,11.74,77,21,,,313
Madrid,2020-03-11,1024,15.34,102,31,,,242
Madrid,2020-03-12,1388,20.77,135,56,,,364
Madrid,2020-03-13,1990,29.79,180,81,,,602
Madrid,2020-03-14,2940,40.55,204,86,,,950
Madrid,2020-03-15,3544,51.31,229,213,,,604
Madrid,2020-03-16,4165,62.07,253,213,,,621
Madrid,2020-03-17,4871,72.37,340,355,,,706
Madrid,2020-03-18,5637,83.55,491,390,,,766
Madrid,2020-03-19,6777,100.35,590,498,,,1140
Madrid,2020-03-20,7165,105.47,678,628,,,388
Madrid,2020-03-21,8921,131.82,767,804,7388,,1756
Madrid,2020-03-22,9702,142.98,834,1021,8441,,781
Madrid,2020-03-23,10575,151.66,942,1263,9561,2063,873
Madrid,2020-03-24,12352,173.64,1050,1535,10443,2291,1777
Madrid,2020-03-25,14597,203.02,1150,1825,11153,3031,2245
Madrid,2020-03-26,17166,236,1221,2090,12440,3882,2569
Madrid,2020-03-27,19243,258.92,1312,2412,13580,5044,2077
Madrid,2020-03-28,21520,278.84,1404,2757,14211,6326,2277
Madrid,2020-03-29,22677,287.14,1429,3082,14454,7491,1157
Madrid,2020-03-30,24090,299.02,1460,3392,14917,8301,1413
Madrid,2020-03-31,27509,339.74,1514,3603,15140,9330,3419
Madrid,2020-04-01,29840,363.22,1514,3865,15227,10827,2331
Melilla,2020-03-02,0,,,,,,
Melilla,2020-03-03,0,0,,,,,0
Melilla,2020-03-04,0,0,,,,,0
Melilla,2020-03-05,0,0,0,0,,,0
Melilla,2020-03-06,0,0,0,0,,,0
Melilla,2020-03-07,,,,,,,
Melilla,2020-03-08,,,,,,,
Melilla,2020-03-09,0,0,0,0,,,0
Melilla,2020-03-10,0,0,0,0,,,0
Melilla,2020-03-11,0,0,0,0,,,0
Melilla,2020-03-12,0,0,0,0,,,0
Melilla,2020-03-13,2,2.31,0,0,,,2
Melilla,2020-03-14,3,4.62,0,0,,,1
Melilla,2020-03-15,8,6.94,0,0,,,5
Melilla,2020-03-16,8,9.25,0,0,,,0
Melilla,2020-03-17,17,19.66,0,0,,,9
Melilla,2020-03-18,20,23.12,0,0,,,3
Melilla,2020-03-19,23,26.59,0,0,,,3
Melilla,2020-03-20,24,27.75,1,0,,,1
Melilla,2020-03-21,25,28.91,1,0,8,,1
Melilla,2020-03-22,25,28.91,1,0,12,,0
Melilla,2020-03-23,28,32.37,1,0,12,0,3
Melilla,2020-03-24,28,32.37,1,0,12,0,0
Melilla,2020-03-25,38,45.08,2,0,14,0,10
Melilla,2020-03-26,39,46.27,2,1,16,0,1
Melilla,2020-03-27,42,46.25,2,1,18,0,3
Melilla,2020-03-28,45,48.56,2,1,22,0,3
Melilla,2020-03-29,48,46.25,2,1,24,0,3
Melilla,2020-03-30,51,49.72,3,1,27,0,3
Melilla,2020-03-31,54,42.78,3,1,27,0,3
Melilla,2020-04-01,62,48.56,3,1,32,0,8
Murcia,2020-03-02,0,,,,,,
Murcia,2020-03-03,0,0,,,,,0
Murcia,2020-03-04,0,0,,,,,0
Murcia,2020-03-05,0,0,0,0,,,0
Murcia,2020-03-06,0,0,0,0,,,0
Murcia,2020-03-07,,,,,,,
Murcia,2020-03-08,,,,,,,
Murcia,2020-03-09,4,0.27,0,0,,,4
Murcia,2020-03-10,9,0.6,0,0,,,5
Murcia,2020-03-11,11,0.74,0,0,,,2
Murcia,2020-03-12,26,1.74,1,0,,,15
Murcia,2020-03-13,35,2.34,1,0,,,9
Murcia,2020-03-14,47,3.28,1,0,,,12
Murcia,2020-03-15,71,4.21,2,0,,,24
Murcia,2020-03-16,77,5.15,2,0,,,6
Murcia,2020-03-17,97,6.49,3,0,,,20
Murcia,2020-03-18,122,8.17,4,0,,,25
Murcia,2020-03-19,167,11.18,6,0,,,45
Murcia,2020-03-20,204,13.66,11,0,,,37
Murcia,2020-03-21,240,16.07,14,1,61,,36
Murcia,2020-03-22,296,19.75,16,1,78,,56
Murcia,2020-03-23,345,22.83,23,2,80,1,49
Murcia,2020-03-24,385,25.17,26,3,99,1,40
Murcia,2020-03-25,477,31.18,33,5,127,4,92
Murcia,2020-03-26,596,38.14,36,8,172,9,119
Murcia,2020-03-27,714,45.45,53,15,209,12,118
Murcia,2020-03-28,802,50.54,58,17,231,12,88
Murcia,2020-03-29,872,53.62,58,20,260,16,70
Murcia,2020-03-30,939,57.7,58,25,265,17,67
Murcia,2020-03-31,974,58.71,59,34,283,20,35
Murcia,2020-04-01,1041,61.52,59,37,304,43,67
Navarra,2020-03-02,1,,,,,,
Navarra,2020-03-03,1,0.15,,,,,0
Navarra,2020-03-04,3,0.46,1,,,,2
Navarra,2020-03-05,3,0.46,1,0,,,0
Navarra,2020-03-06,3,0.46,1,0,,,0
Navarra,2020-03-07,,,,,,,
Navarra,2020-03-08,,,,,,,
Navarra,2020-03-09,3,0.46,1,0,,,0
Navarra,2020-03-10,12,1.83,2,0,,,9
Navarra,2020-03-11,46,7.03,3,0,,,34
Navarra,2020-03-12,73,11.16,3,0,,,27
Navarra,2020-03-13,130,19.87,4,0,,,57
Navarra,2020-03-14,146,27.16,4,0,,,16
Navarra,2020-03-15,183,34.44,5,0,,,37
Navarra,2020-03-16,274,41.73,5,1,,,91
Navarra,2020-03-17,313,47.69,10,2,,,39
Navarra,2020-03-18,386,58.54,10,3,,,73
Navarra,2020-03-19,482,73.22,11,4,,,96
Navarra,2020-03-20,554,84.22,19,5,,,72
Navarra,2020-03-21,664,101.04,25,9,222,,110
Navarra,2020-03-22,794,120.91,30,14,288,,130
Navarra,2020-03-23,886,134.97,40,24,339,7,92
Navarra,2020-03-24,1014,153.16,45,31,405,11,128
Navarra,2020-03-25,1197,176.39,51,33,506,23,183
Navarra,2020-03-26,1411,205.05,54,49,649,35,214
Navarra,2020-03-27,1641,230.96,75,58,732,70,230
Navarra,2020-03-28,1829,257.26,84,70,827,98,188
Navarra,2020-03-29,2011,279.42,90,84,896,125,182
Navarra,2020-03-30,2146,286.14,96,102,955,161,135
Navarra,2020-03-31,2305,304.49,99,113,1035,192,159
Navarra,2020-04-01,2497,322.68,104,130,1120,236,192
PaísVasco,2020-03-02,9,,,,,,
PaísVasco,2020-03-03,13,0.59,,,,,4
PaísVasco,2020-03-04,17,0.77,,,,,4
PaísVasco,2020-03-05,17,0.77,0,1,,,0
PaísVasco,2020-03-06,45,2.04,1,1,,,28
PaísVasco,2020-03-07,,,,,,,
PaísVasco,2020-03-08,,,,,,,
PaísVasco,2020-03-09,149,6.75,5,5,,,104
PaísVasco,2020-03-10,195,8.83,5,6,,,46
PaísVasco,2020-03-11,225,10.19,15,6,,,30
PaísVasco,2020-03-12,346,15.67,18,11,,,121
PaísVasco,2020-03-13,417,18.89,20,14,,,71
PaísVasco,2020-03-14,417,21.97,23,14,,,0
PaísVasco,2020-03-15,630,25.05,26,23,,,213
PaísVasco,2020-03-16,630,28.13,29,23,,,0
PaísVasco,2020-03-17,765,34.06,33,36,,,135
PaísVasco,2020-03-18,973,43.3,37,40,,,208
PaísVasco,2020-03-19,1190,53.13,44,53,,,217
PaísVasco,2020-03-20,1465,64.32,53,71,,,275
PaísVasco,2020-03-21,1725,76.09,71,85,654,,260
PaísVasco,2020-03-22,2097,91.81,81,97,988,,372
PaísVasco,2020-03-23,2421,102.91,92,120,1252,283,324
PaísVasco,2020-03-24,2728,114.73,106,133,1425,344,307
PaísVasco,2020-03-25,3271,139.6,119,155,1577,466,543
PaísVasco,2020-03-26,3946,164.99,137,180,1907,621,675
PaísVasco,2020-03-27,4601,189.51,154,207,2270,814,655
PaísVasco,2020-03-28,5136,209.03,176,221,2612,1023,535
PaísVasco,2020-03-29,5740,231.45,271,265,3106,1503,604
PaísVasco,2020-03-30,6057,245.81,293,297,3427,1646,317
PaísVasco,2020-03-31,6320,251.61,307,325,3594,1796,263
PaísVasco,2020-04-01,6838,265.65,324,369,3806,2165,518
